,Feature,Importance
0,Unnamed: 0,0.18271363990083286
1,HomePlanet,0.05219857095441197
2,CryoSleep,0.11686043789712748
3,Destination,0.024460379806055737
4,Age,0.13270946559526775
5,VIP,0.002420506675008395
6,RoomService,0.10731357685286726
7,FoodCourt,0.08229917598364896
8,ShoppingMall,0.07231732912081791
9,Spa,0.10789180654906672
10,VRDeck,0.09412575978493369
11,Side,0.02468935087996133
